kind,id,slug,category,definitionSource,enabled,enginePresent,ruItem,enItem,inRuCatalog,directUrlAvailable,indexableRu,inSitemapRu,absenceReasons
"live_schema","age-calculator","age-calculator","everyday","json","true","true","true","true","true","true","true","true","ok_in_ru_catalog"
"live_schema","area-circle","area-circle","geometry","json","true","true","true","true","true","true","true","true","has_unused_ru_json_overlay"
"live_schema","area-rectangle","area-rectangle","geometry","json","true","true","true","true","true","true","true","true","has_unused_ru_json_overlay"
"live_schema","area","area","math","json","true","true","true","true","true","true","true","true","ok_in_ru_catalog"
"live_schema","auto-loan-calculator","auto-loan-calculator","finance","typescript_precedence_plus_json","true","true","true","true","true","true","true","true","ok_in_ru_catalog"
"live_schema","average-calculator","average-calculator","math","json","true","true","true","true","true","true","true","true","ok_in_ru_catalog"
"live_schema","basic","basic","math","json","false","true","false","true","false","false","false","false","schema_disabled|missing_locales_ru_items_file"
"live_schema","bmi-calculator","bmi-calculator","health","json","true","true","true","true","true","true","true","true","ok_in_ru_catalog"
"live_schema","bmr-calculator","bmr-calculator","health","json","true","true","true","true","true","true","true","true","ok_in_ru_catalog"
"live_schema","body-fat-percentage-calculator","body-fat-percentage-calculator","health","json","true","true","true","true","true","true","true","true","ok_in_ru_catalog"
"live_schema","brick-calculator","brick-calculator","construction","json","true","true","true","true","true","true","true","true","ok_in_ru_catalog"
"live_schema","cable-size-calculator","cable-size-calculator","construction","json","true","true","true","true","true","true","true","true","ok_in_ru_catalog"
"live_schema","calories-burned-calculator","calories-burned-calculator","health","json","true","true","true","true","true","true","true","true","ok_in_ru_catalog"
"live_schema","car-affordability-calculator","car-affordability-calculator","auto","json","true","true","true","true","true","true","true","true","ok_in_ru_catalog"
"live_schema","car-cost-of-ownership-calculator","car-cost-of-ownership-calculator","auto","json","true","true","true","true","true","true","true","true","ok_in_ru_catalog"
"live_schema","car-depreciation-calculator","car-depreciation-calculator","auto","json","true","true","true","true","true","true","true","true","ok_in_ru_catalog"
"live_schema","car-maintenance-cost-calculator","car-maintenance-cost-calculator","auto","json","true","true","true","true","true","true","true","true","ok_in_ru_catalog"
"live_schema","car-resale-value-calculator","car-resale-value-calculator","auto","json","true","true","true","true","true","true","true","true","ok_in_ru_catalog"
"live_schema","cement-calculator","cement-calculator","construction","json","true","true","true","true","true","true","true","true","ok_in_ru_catalog"
"live_schema","concrete-mix-ratio-calculator","concrete-mix-ratio-calculator","construction","json","true","true","true","true","true","true","true","true","ok_in_ru_catalog"
"live_schema","concrete-volume-calculator","concrete-volume-calculator","construction","json","true","true","true","true","true","true","true","true","ok_in_ru_catalog"
"live_schema","converter","converter","math","json","false","true","false","true","false","false","false","false","schema_disabled|missing_locales_ru_items_file"
"live_schema","cooking-measurement-converter","cooking-measurement-converter","everyday","json","true","true","true","true","true","true","true","true","ok_in_ru_catalog"
"live_schema","cube-root","cube-root","math","json","true","true","true","true","true","true","true","true","has_unused_ru_json_overlay"
"live_schema","daily-calorie-needs-calculator","daily-calorie-needs-calculator","health","json","true","true","true","true","true","true","true","true","ok_in_ru_catalog"
"live_schema","date-calculator","date-calculator","everyday","json","true","true","true","true","true","true","true","true","ok_in_ru_catalog"
"live_schema","days-between-dates-calculator","days-between-dates-calculator","everyday","json","true","true","true","true","true","true","true","true","ok_in_ru_catalog"
"live_schema","descriptive-statistics-calculator","descriptive-statistics-calculator","math","json","true","true","true","true","true","true","true","true","ok_in_ru_catalog"
"live_schema","electrical-load-calculator","electrical-load-calculator","construction","json","true","true","true","true","true","true","true","true","ok_in_ru_catalog"
"live_schema","equation-solver","equation-solver","math","json","true","true","true","true","true","true","true","true","ok_in_ru_catalog"
"live_schema","exponent","exponent","math","json","true","true","true","true","true","true","true","true","has_unused_ru_json_overlay"
"live_schema","foundation-volume-calculator","foundation-volume-calculator","construction","json","true","true","true","true","true","true","true","true","ok_in_ru_catalog"
"live_schema","fuel-consumption-calculator","fuel-consumption-calculator","auto","json","true","true","true","true","true","true","true","true","ok_in_ru_catalog"
"live_schema","fuel-cost-calculator","fuel-cost-calculator","auto","json","true","true","true","true","true","true","true","true","ok_in_ru_catalog"
"live_schema","gcd","gcd","math","json","true","true","true","true","true","true","true","true","has_unused_ru_json_overlay"
"live_schema","gravel-calculator","gravel-calculator","construction","json","true","true","true","true","true","true","true","true","ok_in_ru_catalog"
"live_schema","heart-rate-zones-calculator","heart-rate-zones-calculator","health","json","true","true","true","true","true","true","true","true","ok_in_ru_catalog"
"live_schema","ideal-weight-calculator","ideal-weight-calculator","health","json","true","true","true","true","true","true","true","true","ok_in_ru_catalog"
"live_schema","inflation-adjustment","inflation-adjustment","finance","json","true","true","true","true","true","true","true","true","has_unused_ru_json_overlay"
"live_schema","investment-calculator","investment-calculator","finance","typescript_precedence_plus_json","true","true","true","true","true","true","true","true","ok_in_ru_catalog"
"live_schema","laminate-calculator","laminate-calculator","construction","json","true","true","true","true","true","true","true","true","ok_in_ru_catalog"
"live_schema","lcm","lcm","math","json","true","true","true","true","true","true","true","true","has_unused_ru_json_overlay"
"live_schema","lease-vs-buy-calculator","lease-vs-buy-calculator","auto","json","true","true","true","true","true","true","true","true","ok_in_ru_catalog"
"live_schema","loan-overpayment-calculator","loan-overpayment-calculator","finance","typescript_precedence_plus_json","true","true","true","true","true","true","true","true","ok_in_ru_catalog"
"live_schema","logarithm","logarithm","math","json","true","true","true","true","true","true","true","true","has_unused_ru_json_overlay"
"live_schema","macronutrient-calculator","macronutrient-calculator","health","json","true","true","true","true","true","true","true","true","ok_in_ru_catalog"
"live_schema","monthly-car-expenses-calculator","monthly-car-expenses-calculator","auto","json","true","true","true","true","true","true","true","true","ok_in_ru_catalog"
"live_schema","mortgage-calculator","mortgage-calculator","finance","typescript_precedence_plus_json","true","true","true","true","true","true","true","true","ok_in_ru_catalog"
"live_schema","numbers-to-words-calculator","numbers-to-words","everyday","json","true","true","true","true","true","true","true","true","ok_in_ru_catalog"
"live_schema","paint-calculator","paint-calculator","construction","json","true","true","true","true","true","true","true","true","ok_in_ru_catalog"
"live_schema","percentage-change-calculator","percentage-change-calculator","math","json","true","true","true","true","true","true","true","true","ok_in_ru_catalog"
"live_schema","perimeter-of-shapes","perimeter-of-shapes","math","json","true","true","true","true","true","true","true","true","ok_in_ru_catalog"
"live_schema","personal-loan-calculator","personal-loan-calculator","finance","typescript_precedence_plus_json","true","true","true","true","true","true","true","true","ok_in_ru_catalog"
"live_schema","pile-foundation-calculator","pile-foundation-calculator","construction","json","true","true","true","true","true","true","true","true","ok_in_ru_catalog"
"live_schema","pipe-volume-calculator","pipe-volume-calculator","construction","json","true","true","true","true","true","true","true","true","ok_in_ru_catalog"
"live_schema","power-root","power-root","math","json","false","true","false","true","false","false","false","false","schema_disabled|missing_locales_ru_items_file"
"live_schema","primer-calculator","primer-calculator","construction","json","true","true","true","true","true","true","true","true","ok_in_ru_catalog"
"live_schema","putty-calculator","putty-calculator","construction","json","true","true","true","true","true","true","true","true","ok_in_ru_catalog"
"live_schema","pythagorean-theorem-calculator","pythagorean-theorem-calculator","math","json","true","true","true","true","true","true","true","true","ok_in_ru_catalog"
"live_schema","quadratic-equation-calculator","quadratic-equation-calculator","math","json","true","true","true","true","true","true","true","true","ok_in_ru_catalog"
"live_schema","random-number-generator","random-number-generator","everyday","json","true","true","true","true","true","true","true","true","ok_in_ru_catalog"
"live_schema","rebar-calculator","rebar-calculator","construction","json","true","true","true","true","true","true","true","true","ok_in_ru_catalog"
"live_schema","rebar-weight-calculator","rebar-weight-calculator","construction","json","true","true","true","true","true","true","true","true","ok_in_ru_catalog"
"live_schema","roi-calculator","roi-calculator","finance","typescript_precedence_plus_json","true","true","true","true","true","true","true","true","has_unused_ru_json_overlay"
"live_schema","roman-numerals-converter","roman-numerals-converter","everyday","json","true","true","true","true","true","true","true","true","ok_in_ru_catalog"
"live_schema","room-area-calculator","room-area-calculator","everyday","json","true","true","true","true","true","true","true","true","ok_in_ru_catalog"
"live_schema","sand-calculator","sand-calculator","construction","json","true","true","true","true","true","true","true","true","ok_in_ru_catalog"
"live_schema","savings-calculator","savings-calculator","finance","typescript_precedence_plus_json","true","true","true","true","true","true","true","true","ok_in_ru_catalog"
"live_schema","slab-foundation-calculator","slab-foundation-calculator","construction","json","true","true","true","true","true","true","true","true","ok_in_ru_catalog"
"live_schema","square-root","square-root","math","json","true","true","true","true","true","true","true","true","has_unused_ru_json_overlay"
"live_schema","stair-calculator","stair-calculator","construction","json","true","true","true","true","true","true","true","true","ok_in_ru_catalog"
"live_schema","standard-deviation-calculator","standard-deviation-calculator","math","json","true","true","true","true","true","true","true","true","ok_in_ru_catalog"
"live_schema","statistics","statistics","math","json","false","true","false","true","false","false","false","false","schema_disabled|missing_locales_ru_items_file"
"live_schema","steps-to-calories-calculator","steps-to-calories-calculator","health","json","true","true","true","true","true","true","true","true","ok_in_ru_catalog"
"live_schema","strip-foundation-calculator","strip-foundation-calculator","construction","json","true","true","true","true","true","true","true","true","ok_in_ru_catalog"
"live_schema","tile-calculator","tile-calculator","construction","json","true","true","true","true","true","true","true","true","ok_in_ru_catalog"
"live_schema","tire-cost-calculator","tire-cost-calculator","auto","json","true","true","true","true","true","true","true","true","ok_in_ru_catalog"
"live_schema","trip-cost-calculator","trip-cost-calculator","auto","json","true","true","true","true","true","true","true","true","ok_in_ru_catalog"
"live_schema","volume-of-shapes","volume-of-shapes","math","json","true","true","true","true","true","true","true","true","ok_in_ru_catalog"
"live_schema","volume","volume","math","json","false","true","false","true","false","false","false","false","schema_disabled|missing_locales_ru_items_file"
"live_schema","wall-area-calculator","wall-area-calculator","construction","json","true","true","true","true","true","true","true","true","ok_in_ru_catalog"
"live_schema","water-intake-calculator","water-intake-calculator","health","json","true","true","true","true","true","true","true","true","ok_in_ru_catalog"
"ts_only","percentage-of-a-number","percentage-of-a-number","math","typescript_only","true","true","true","true","true","true","true","true","ok_if_item_exists"
"ts_only","add-percentage","add-percentage","math","typescript_only","true","true","false","true","false","true","false","false","missing_locales_ru_items_file|no_ru_content|filtered_from_ru_catalog_search_sitemap"
"ts_only","subtract-percentage","subtract-percentage","math","typescript_only","true","true","false","true","false","true","false","false","missing_locales_ru_items_file|no_ru_content|filtered_from_ru_catalog_search_sitemap"
"ts_only","loan-payment","loan-payment","finance","typescript_only","true","true","true","true","true","true","true","true","ok_if_item_exists"
"ts_only","compound-interest","compound-interest","finance","typescript_only","true","true","false","true","false","true","false","false","missing_locales_ru_items_file|no_ru_content|filtered_from_ru_catalog_search_sitemap"
"ts_only","loan-comparison-calculator","loan-comparison-calculator","finance","typescript_only","true","true","false","true","false","true","false","false","missing_locales_ru_items_file|no_ru_content|filtered_from_ru_catalog_search_sitemap"
"ts_only","mortgage-comparison-calculator","mortgage-comparison-calculator","finance","typescript_only","true","true","false","true","false","true","false","false","missing_locales_ru_items_file|no_ru_content|filtered_from_ru_catalog_search_sitemap"
"ts_only","retirement-calculator","retirement-calculator","finance","typescript_only","true","true","false","true","false","true","false","false","missing_locales_ru_items_file|no_ru_content|filtered_from_ru_catalog_search_sitemap"
"ts_only","investment-vs-savings-calculator","investment-vs-savings-calculator","finance","typescript_only","true","true","false","true","false","true","false","false","missing_locales_ru_items_file|no_ru_content|filtered_from_ru_catalog_search_sitemap"
"ts_only","take-home-pay-calculator","take-home-pay-calculator","finance","typescript_only","true","true","false","true","false","true","false","false","missing_locales_ru_items_file|no_ru_content|filtered_from_ru_catalog_search_sitemap"
"ts_only","emergency-fund-calculator","emergency-fund-calculator","finance","typescript_only","true","true","false","true","false","true","false","false","missing_locales_ru_items_file|no_ru_content|filtered_from_ru_catalog_search_sitemap"
"ts_only","net-worth-calculator","net-worth-calculator","finance","typescript_only","true","true","false","true","false","true","false","false","missing_locales_ru_items_file|no_ru_content|filtered_from_ru_catalog_search_sitemap"
