{
  "id": "area-rectangle",
  "category": "geometry",
  "slug": "area-rectangle",
  "inputs": [
    {
      "name": "length",
      "type": "number",
      "unit": "м",
      "min": 0
    },
    {
      "name": "width",
      "type": "number",
      "unit": "м",
      "min": 0
    }
  ],
  "outputs": [
    {
      "name": "area"
    }
  ],
  "formula": "length * width",
  "variables": {
    "length": "Длина прямоугольника",
    "width": "Ширина прямоугольника"
  },
  "relatedIds": [
    "area-circle",
    "square-root",
    "exponent"
  ],
  "standardIds": [
    "iso-80000"
  ]
}




