{
  "id": "area-circle",
  "category": "geometry",
  "slug": "area-circle",
  "inputs": [
    {
      "name": "radius",
      "type": "number",
      "unit": "м",
      "min": 0
    }
  ],
  "outputs": [
    {
      "name": "area"
    },
    {
      "name": "circumference"
    }
  ],
  "formula": "(function() { const area = Math.PI * radius * radius; const circumference = 2 * Math.PI * radius; return { area: area, circumference: circumference }; })()",
  "variables": {
    "radius": "Радиус круга"
  },
  "relatedIds": [
    "area-rectangle",
    "square-root",
    "exponent"
  ],
  "standardIds": [
    "iso-80000"
  ]
}

