{
  "id": "cube-root",
  "category": "math",
  "slug": "cube-root",
  "inputs": [
    {
      "name": "number",
      "type": "number",
      "unit": ""
    }
  ],
  "outputs": [
    {
      "name": "result"
    }
  ],
  "formula": "Math.cbrt(number)",
  "variables": {
    "number": "Число, для которого нужно найти кубический корень"
  },
  "relatedIds": [
    "square-root",
    "exponent",
    "area-rectangle"
  ],
  "standardIds": []
}



