{
  "id": "exponent",
  "category": "math",
  "slug": "exponent",
  "inputs": [
    {
      "name": "base",
      "type": "number",
      "unit": ""
    },
    {
      "name": "exponent",
      "type": "number",
      "unit": ""
    }
  ],
  "outputs": [
    {
      "name": "result"
    }
  ],
  "formula": "Math.pow(base, exponent)",
  "variables": {
    "base": "Основание",
    "exponent": "Показатель степени"
  },
  "relatedIds": [
    "square-root",
    "cube-root",
    "logarithm"
  ],
  "standardIds": []
}



