{
  "id": "lcm",
  "category": "math",
  "slug": "lcm",
  "inputs": [
    {
      "name": "a",
      "type": "number",
      "unit": "",
      "min": 1
    },
    {
      "name": "b",
      "type": "number",
      "unit": "",
      "min": 1
    }
  ],
  "outputs": [
    {
      "name": "result"
    }
  ],
  "formula": "(function() { const gcd = (a, b) => b === 0 ? a : gcd(b, a % b); const lcm = (a, b) => Math.abs(a * b) / gcd(a, b); return lcm(Math.abs(Math.round(a)), Math.abs(Math.round(b))); })()",
  "variables": {
    "a": "Первое число",
    "b": "Второе число"
  },
  "relatedIds": [
    "gcd",
    "factors",
    "exponent"
  ],
  "standardIds": []
}



