{
  "id": "logarithm",
  "category": "math",
  "slug": "logarithm",
  "inputs": [
    {
      "name": "number",
      "type": "number",
      "unit": "",
      "min": 0.0001
    },
    {
      "name": "base",
      "type": "number",
      "unit": "",
      "min": 0.0001,
      "defaultValue": 10
    }
  ],
  "outputs": [
    {
      "name": "result"
    }
  ],
  "formula": "Math.log(number) / Math.log(base)",
  "variables": {
    "number": "Число, для которого нужно найти логарифм",
    "base": "Основание логарифма"
  },
  "relatedIds": [
    "exponent",
    "square-root",
    "cube-root"
  ],
  "standardIds": []
}