{
  "id": "pipe-volume-calculator",
  "slug": "pipe-volume-calculator",
  "category": "construction",
  "engine": "function",
  "calculationId": "calculatePipeVolume",
  "tags": ["pipe-volume", "pipe-capacity", "water-volume", "plumbing"],
  "inputs": [
    {
      "name": "pipeLength",
      "type": "number",
      "min": 0,
      "max": 1000000000,
      "step": 0.1,
      "defaultValue": 20
    },
    {
      "name": "pipeInnerDiameter",
      "type": "number",
      "min": 0,
      "max": 1000000000,
      "step": 0.1,
      "defaultValue": 25
    },
    {
      "name": "pipesCount",
      "type": "number",
      "min": 1,
      "max": 10000,
      "step": 1,
      "defaultValue": 1
    },
    {
      "name": "unit",
      "type": "select",
      "options": [
        { "value": "meters", "label": "Meters (m)" },
        { "value": "feet", "label": "Feet (ft)" }
      ],
      "defaultValue": "meters"
    }
  ],
  "outputs": [
    {
      "name": "volumePerPipe"
    },
    {
      "name": "volumePerPipeLiters"
    },
    {
      "name": "volumePerPipeGallons"
    },
    {
      "name": "totalVolume"
    },
    {
      "name": "totalVolumeLiters"
    },
    {
      "name": "totalVolumeGallons"
    },
    {
      "name": "totalVolumeCubicFeet"
    },
    {
      "name": "formula"
    },
    {
      "name": "breakdown"
    },
    {
      "name": "explanation"
    }
  ],
  "defaults": {
    "pipeLength": 20,
    "pipeInnerDiameter": 25,
    "pipesCount": 1,
    "unit": "meters"
  },
  "relatedIds": ["electrical-load-calculator"],
  "isEnabled": true
}

