{
  "id": "square-root",
  "category": "math",
  "slug": "square-root",
  "inputs": [
    {
      "name": "number",
      "type": "number",
      "unit": "",
      "min": 0
    }
  ],
  "outputs": [
    {
      "name": "result"
    }
  ],
  "formula": "Math.sqrt(number)",
  "variables": {
    "number": "Число, для которого нужно найти квадратный корень"
  },
  "relatedIds": [
    "cube-root",
    "exponent",
    "area-rectangle"
  ],
  "standardIds": []
}



