{
  "id": "volume-of-shapes",
  "slug": "volume-of-shapes",
  "category": "math",
  "engine": "function",
  "calculationId": "calculateVolume",
  "tags": ["geometry", "volume", "shapes", "cube", "sphere", "cylinder", "cone", "units"],
  "inputs": [
    {
      "name": "shape",
      "type": "select",
      "options": [
        { "value": "cube", "label": "Cube" },
        { "value": "sphere", "label": "Sphere" },
        { "value": "cylinder", "label": "Cylinder" },
        { "value": "cone", "label": "Cone" }
      ],
      "defaultValue": "cube"
    },
    {
      "name": "side",
      "type": "number",
      "min": 0,
      "max": 1000000000,
      "step": "any",
      "defaultValue": 5,
      "visibleIf": {
        "field": "shape",
        "value": "cube"
      }
    },
    {
      "name": "radius",
      "type": "number",
      "min": 0,
      "max": 1000000000,
      "step": "any",
      "defaultValue": 5,
      "visibleIf": {
        "field": "shape",
        "value": "sphere"
      }
    },
    {
      "name": "radius",
      "type": "number",
      "min": 0,
      "max": 1000000000,
      "step": "any",
      "defaultValue": 5,
      "visibleIf": {
        "field": "shape",
        "value": "cylinder"
      }
    },
    {
      "name": "height",
      "type": "number",
      "min": 0,
      "max": 1000000000,
      "step": "any",
      "defaultValue": 10,
      "visibleIf": {
        "field": "shape",
        "value": "cylinder"
      }
    },
    {
      "name": "radius",
      "type": "number",
      "min": 0,
      "max": 1000000000,
      "step": "any",
      "defaultValue": 5,
      "visibleIf": {
        "field": "shape",
        "value": "cone"
      }
    },
    {
      "name": "height",
      "type": "number",
      "min": 0,
      "max": 1000000000,
      "step": "any",
      "defaultValue": 10,
      "visibleIf": {
        "field": "shape",
        "value": "cone"
      }
    }
  ],
  "outputs": [
    {
      "name": "volume"
    },
    {
      "name": "formula"
    },
    {
      "name": "shapeName"
    }
  ],
  "defaults": {
    "shape": "cube"
  },
  "isEnabled": true
}



